timestamp_ms,x,y,z,filename,datetime_iso,key,Command
1.74681E+12,0,0,0,movement_capture_1746809138616.jpg,2025-05-09T09:45:38,movement_capture_1739560764917,
1.74681E+12,0,0,15,movement_capture_1746809194971.jpg,2025-05-09T09:46:34,movement_capture_1739560764917,TR
1.74681E+12,0,0,0,movement_capture_1746809195315.jpg,2025-05-09T09:46:35,movement_capture_1739560764917,
1.74681E+12,0,0,-15,movement_capture_1746809199897.jpg,2025-05-09T09:46:39,movement_capture_1739560764917,TL
1.74681E+12,0,0,0,movement_capture_1746809200438.jpg,2025-05-09T09:46:40,movement_capture_1739560764917,
1.74681E+12,0,0,0,,2025-05-09T09:46:45,movement_capture_1739560768915,UM
1.74681E+12,0,0,0,,2025-05-09T09:46:46,movement_capture_1739560772520,UM
1.74681E+12,0,0,0,,2025-05-09T09:47:54,movement_capture_1739560772915,UM
1.74681E+12,0,0,0,,2025-05-09T09:47:54,movement_capture_1739560773015,UM
1.74681E+12,15,0,0,movement_capture_1746809280127.jpg,2025-05-09T09:48:00,movement_capture_1739560773015,MR
1.74681E+12,0,0,0,movement_capture_1746809280488.jpg,2025-05-09T09:48:00,movement_capture_1739560773015,
1.74681E+12,-15,0,0,movement_capture_1746809295580.jpg,2025-05-09T09:48:15,movement_capture_1739560773015,ML
1.74681E+12,0,0,0,movement_capture_1746809295929.jpg,2025-05-09T09:48:15,movement_capture_1739560773015,
1.74681E+12,0,15,0,movement_capture_1746809308308.jpg,2025-05-09T09:48:28,movement_capture_1739560773015,MF
1.74681E+12,0,0,0,movement_capture_1746809308877.jpg,2025-05-09T09:48:28,movement_capture_1739560773015,
1.74681E+12,0,0,0,,2025-05-09T09:48:35,movement_capture_1739560773415,UM
1.74681E+12,0,0,0,,2025-05-09T09:48:35,movement_capture_1739560773715,UM
1.74681E+12,0,15,0,movement_capture_1746809322689.jpg,2025-05-09T09:48:42,movement_capture_1739560773715,MF
1.74681E+12,0,0,0,movement_capture_1746809323041.jpg,2025-05-09T09:48:43,movement_capture_1739560773715,
1.74681E+12,0,0,15,movement_capture_1746809333708.jpg,2025-05-09T09:48:53,movement_capture_1739560773715,TR
1.74681E+12,0,0,0,movement_capture_1746809334061.jpg,2025-05-09T09:48:54,movement_capture_1739560773715,
1.74681E+12,0,0,-15,movement_capture_1746809337556.jpg,2025-05-09T09:48:57,movement_capture_1739560773715,TL
1.74681E+12,0,0,0,movement_capture_1746809338094.jpg,2025-05-09T09:48:58,movement_capture_1739560773715,
1.74681E+12,0,0,-15,movement_capture_1746809346895.jpg,2025-05-09T09:49:06,movement_capture_1739560773715,TL
1.74681E+12,0,0,0,movement_capture_1746809347797.jpg,2025-05-09T09:49:07,movement_capture_1739560773715,
1.74681E+12,0,0,15,movement_capture_1746809355879.jpg,2025-05-09T09:49:15,movement_capture_1739560773715,TR
1.74681E+12,0,0,0,movement_capture_1746809356230.jpg,2025-05-09T09:49:16,movement_capture_1739560773715,
1.74681E+12,0,-14,0,movement_capture_1746809373783.jpg,2025-05-09T09:49:33,movement_capture_1739560773715,MB
1.74681E+12,0,0,0,movement_capture_1746809374128.jpg,2025-05-09T09:49:34,movement_capture_1739560773715,
1.74681E+12,0,0,15,movement_capture_1746809384483.jpg,2025-05-09T09:49:44,movement_capture_1739560773715,TR
1.74681E+12,0,0,0,movement_capture_1746809384835.jpg,2025-05-09T09:49:44,movement_capture_1739560773715,
1.74681E+12,0,0,0,,2025-05-09T09:49:49,movement_capture_1739560773915,UM
1.74681E+12,0,0,0,,2025-05-09T09:49:50,movement_capture_1739560774121,UM
1.74681E+12,0,15,0,movement_capture_1746809396502.jpg,2025-05-09T09:49:56,movement_capture_1739560774121,MF
1.74681E+12,0,0,0,movement_capture_1746809396883.jpg,2025-05-09T09:49:56,movement_capture_1739560774121,
1.74681E+12,0,0,-15,movement_capture_1746809410620.jpg,2025-05-09T09:50:10,movement_capture_1739560774121,TL
1.74681E+12,0,0,0,movement_capture_1746809410968.jpg,2025-05-09T09:50:10,movement_capture_1739560774121,
1.74681E+12,0,0,-15,movement_capture_1746809420086.jpg,2025-05-09T09:50:20,movement_capture_1739560774121,TL
1.74681E+12,0,0,0,movement_capture_1746809420440.jpg,2025-05-09T09:50:20,movement_capture_1739560774121,
1.74681E+12,0,15,0,movement_capture_1746809427305.jpg,2025-05-09T09:50:27,movement_capture_1739560774121,MF
1.74681E+12,0,0,0,movement_capture_1746809427666.jpg,2025-05-09T09:50:27,movement_capture_1739560774121,
1.74681E+12,0,0,-15,movement_capture_1746809439760.jpg,2025-05-09T09:50:39,movement_capture_1739560774121,TL
1.74681E+12,0,0,0,movement_capture_1746809440458.jpg,2025-05-09T09:50:40,movement_capture_1739560774121,
1.74681E+12,0,15,0,movement_capture_1746809448266.jpg,2025-05-09T09:50:48,movement_capture_1739560774121,MF
1.74681E+12,0,0,0,movement_capture_1746809448979.jpg,2025-05-09T09:50:48,movement_capture_1739560774121,
1.74681E+12,0,0,0,,2025-05-09T09:50:52,movement_capture_1739560774315,UM
1.74681E+12,0,0,0,,2025-05-09T09:50:52,movement_capture_1739560774631,UM
1.74681E+12,0,15,0,movement_capture_1746809464852.jpg,2025-05-09T09:51:04,movement_capture_1739560774631,MF
1.74681E+12,0,0,0,movement_capture_1746809465520.jpg,2025-05-09T09:51:05,movement_capture_1739560774631,
1.74681E+12,0,15,0,movement_capture_1746809475639.jpg,2025-05-09T09:51:15,movement_capture_1739560774631,MF
1.74681E+12,0,0,0,movement_capture_1746809475889.jpg,2025-05-09T09:51:15,movement_capture_1739560774631,
1.74681E+12,0,0,-15,movement_capture_1746809481190.jpg,2025-05-09T09:51:21,movement_capture_1739560774631,TL
1.74681E+12,0,0,0,movement_capture_1746809482155.jpg,2025-05-09T09:51:22,movement_capture_1739560774631,
1.74681E+12,0,0,15,movement_capture_1746809485537.jpg,2025-05-09T09:51:25,movement_capture_1739560774631,TR
1.74681E+12,0,0,0,movement_capture_1746809486035.jpg,2025-05-09T09:51:26,movement_capture_1739560774631,
1.74681E+12,0,0,0,,2025-05-09T09:51:33,movement_capture_1739560774815,UM
1.74681E+12,0,0,0,,2025-05-09T09:51:33,movement_capture_1739560775116,UM
1.74681E+12,15,0,0,movement_capture_1746809537683.jpg,2025-05-09T09:52:17,movement_capture_1739560775116,MR
1.74681E+12,0,0,0,movement_capture_1746809538190.jpg,2025-05-09T09:52:18,movement_capture_1739560775116,
1.74681E+12,0,0,0,,2025-05-09T09:52:34,movement_capture_1739560776015,UM
1.74681E+12,0,0,0,,2025-05-09T09:52:35,movement_capture_1739560776217,UM
1.74681E+12,0,0,15,movement_capture_1746809566149.jpg,2025-05-09T09:52:46,movement_capture_1739560776217,TR
1.74681E+12,0,0,0,movement_capture_1746809566414.jpg,2025-05-09T09:52:46,movement_capture_1739560776217,
1.74681E+12,0,15,0,movement_capture_1746809624463.jpg,2025-05-09T09:53:44,movement_capture_1739560776217,MF
1.74681E+12,0,0,0,movement_capture_1746809626832.jpg,2025-05-09T09:53:46,movement_capture_1739560776217,
1.74681E+12,0,15,0,movement_capture_1746809658512.jpg,2025-05-09T09:54:18,movement_capture_1739560776217,MF
1.74681E+12,0,0,0,movement_capture_1746809658918.jpg,2025-05-09T09:54:18,movement_capture_1739560776217,
1.74681E+12,0,15,0,movement_capture_1746809673262.jpg,2025-05-09T09:54:33,movement_capture_1739560776217,MF
1.74681E+12,0,0,0,movement_capture_1746809674090.jpg,2025-05-09T09:54:34,movement_capture_1739560776217,
1.74681E+12,0,15,0,movement_capture_1746809701653.jpg,2025-05-09T09:55:01,movement_capture_1739560776217,MF
1.74681E+12,0,0,0,movement_capture_1746809701933.jpg,2025-05-09T09:55:01,movement_capture_1739560776217,
1.74681E+12,0,15,0,movement_capture_1746809716896.jpg,2025-05-09T09:55:16,movement_capture_1739560776217,MF
1.74681E+12,0,0,0,movement_capture_1746809717131.jpg,2025-05-09T09:55:17,movement_capture_1739560776217,
1.74681E+12,0,-14,0,movement_capture_1746809733313.jpg,2025-05-09T09:55:33,movement_capture_1739560776217,MB
1.74681E+12,0,0,0,movement_capture_1746809734074.jpg,2025-05-09T09:55:34,movement_capture_1739560776217,
1.74681E+12,0,0,-15,movement_capture_1746809747020.jpg,2025-05-09T09:55:47,movement_capture_1739560776217,TL
1.74681E+12,0,0,0,movement_capture_1746809747578.jpg,2025-05-09T09:55:47,movement_capture_1739560776217,
1.74681E+12,0,0,15,movement_capture_1746809762229.jpg,2025-05-09T09:56:02,movement_capture_1739560776217,TR
1.74681E+12,0,0,0,movement_capture_1746809762978.jpg,2025-05-09T09:56:02,movement_capture_1739560776217,
1.74681E+12,0,0,0,,2025-05-09T09:56:06,movement_capture_1739560776619,UM
1.74681E+12,0,0,0,,2025-05-09T09:56:07,movement_capture_1739560777118,UM
1.74681E+12,0,15,0,movement_capture_1746809775242.jpg,2025-05-09T09:56:15,movement_capture_1739560777118,MF
1.74681E+12,0,0,0,movement_capture_1746809775542.jpg,2025-05-09T09:56:15,movement_capture_1739560777118,
1.74681E+12,0,0,-15,movement_capture_1746809787027.jpg,2025-05-09T09:56:27,movement_capture_1739560777118,TL
1.74681E+12,0,0,0,movement_capture_1746809787688.jpg,2025-05-09T09:56:27,movement_capture_1739560777118,
1.74681E+12,0,15,0,movement_capture_1746809794514.jpg,2025-05-09T09:56:34,movement_capture_1739560777118,MF
1.74681E+12,0,0,0,movement_capture_1746809794750.jpg,2025-05-09T09:56:34,movement_capture_1739560777118,
1.74681E+12,0,0,0,,2025-05-09T09:56:41,movement_capture_1739560777118,UM
1.74681E+12,0,0,0,,2025-05-09T09:56:41,movement_capture_1739560777968,UM
1.74681E+12,0,15,0,movement_capture_1746809835793.jpg,2025-05-09T09:57:15,movement_capture_1739560777968,MF
1.74681E+12,0,0,0,movement_capture_1746809836053.jpg,2025-05-09T09:57:16,movement_capture_1739560777968,
1.74681E+12,0,15,0,movement_capture_1746809841907.jpg,2025-05-09T09:57:21,movement_capture_1739560777968,MF
1.74681E+12,0,0,0,movement_capture_1746809843156.jpg,2025-05-09T09:57:23,movement_capture_1739560777968,
1.74681E+12,0,0,-15,movement_capture_1746809883095.jpg,2025-05-09T09:58:03,movement_capture_1739560777968,TL
1.74681E+12,0,0,0,movement_capture_1746809883504.jpg,2025-05-09T09:58:03,movement_capture_1739560777968,
1.74681E+12,0,0,-15,movement_capture_1746809897088.jpg,2025-05-09T09:58:17,movement_capture_1739560777968,TL
1.74681E+12,0,0,0,movement_capture_1746809897603.jpg,2025-05-09T09:58:17,movement_capture_1739560777968,
1.74681E+12,0,0,0,movement_capture_1746810589794.jpg,2025-05-09T10:09:49,movement_capture_1739560777968,
1.74681E+12,0,0,15,movement_capture_1746810700115.jpg,2025-05-09T10:11:40,movement_capture_1739560777968,TR
1.74681E+12,0,0,0,movement_capture_1746810700583.jpg,2025-05-09T10:11:40,movement_capture_1739560777968,
1.74681E+12,0,15,0,movement_capture_1746810867868.jpg,2025-05-09T10:14:27,movement_capture_1739560777968,MF
1.74681E+12,0,0,0,movement_capture_1746810868310.jpg,2025-05-09T10:14:28,movement_capture_1739560777968,
1.74681E+12,0,0,-15,movement_capture_1746810895308.jpg,2025-05-09T10:14:55,movement_capture_1739560777968,TL
1.74681E+12,0,0,0,movement_capture_1746810896355.jpg,2025-05-09T10:14:56,movement_capture_1739560777968,
1.74681E+12,0,0,15,movement_capture_1746810910572.jpg,2025-05-09T10:15:10,movement_capture_1739560777968,TR
1.74681E+12,0,0,0,movement_capture_1746810911443.jpg,2025-05-09T10:15:11,movement_capture_1739560777968,
1.74681E+12,0,15,0,movement_capture_1746810922644.jpg,2025-05-09T10:15:22,movement_capture_1739560777968,MF
1.74681E+12,0,0,0,movement_capture_1746810923091.jpg,2025-05-09T10:15:23,movement_capture_1739560777968,
1.74681E+12,0,0,-15,movement_capture_1746810932648.jpg,2025-05-09T10:15:32,movement_capture_1739560777968,TL
1.74681E+12,0,0,0,movement_capture_1746810934363.jpg,2025-05-09T10:15:34,movement_capture_1739560777968,
1.74681E+12,0,0,15,movement_capture_1746810980261.jpg,2025-05-09T10:16:20,movement_capture_1739560777968,TR
1.74681E+12,0,0,0,movement_capture_1746810980755.jpg,2025-05-09T10:16:20,movement_capture_1739560777968,
1.74681E+12,0,0,0,,2025-05-09T10:16:50,movement_capture_1739560778131,UM
1.74681E+12,0,0,0,,2025-05-09T10:16:52,movement_capture_1739560778467,UM
1.74802E+12,0,0,0,movement_capture_1748015858950.jpg,2025-05-23T08:57:38,movement_capture_1739560778467,
1.74802E+12,0,0,0,movement_capture_1748015922916.jpg,2025-05-23T08:58:42,movement_capture_1739560778467,
1.74802E+12,0,15,0,movement_capture_1748016081419.jpg,2025-05-23T09:01:21,movement_capture_1739560778467,MF
1.74802E+12,0,0,0,movement_capture_1748016081911.jpg,2025-05-23T09:01:21,movement_capture_1739560778467,
1.74802E+12,0,0,0,,2025-05-23T09:01:38,movement_capture_1739560778668,UM
1.74802E+12,0,0,0,,2025-05-23T09:01:41,movement_capture_1739560779011,UM
1.74802E+12,0,15,0,movement_capture_1748016113516.jpg,2025-05-23T09:01:53,movement_capture_1739560779011,MF
1.74802E+12,0,0,0,movement_capture_1748016115906.jpg,2025-05-23T09:01:55,movement_capture_1739560779011,
1.74802E+12,0,0,-15,movement_capture_1748016161071.jpg,2025-05-23T09:02:41,movement_capture_1739560779011,TL
1.74802E+12,0,0,0,movement_capture_1748016162783.jpg,2025-05-23T09:02:42,movement_capture_1739560779011,
1.74802E+12,0,0,-15,movement_capture_1748016253769.jpg,2025-05-23T09:04:13,movement_capture_1739560779011,TL
1.74802E+12,0,0,0,movement_capture_1748016254838.jpg,2025-05-23T09:04:14,movement_capture_1739560779011,
1.74802E+12,0,0,-15,movement_capture_1748016255121.jpg,2025-05-23T09:04:15,movement_capture_1739560779011,TL
1.74802E+12,0,0,0,movement_capture_1748016257606.jpg,2025-05-23T09:04:17,movement_capture_1739560779011,
1.74802E+12,0,0,0,,2025-05-23T09:05:13,movement_capture_1739560779376,UM
1.74802E+12,0,0,0,,2025-05-23T09:05:16,movement_capture_1739560779713,UM
1.74802E+12,0,0,0,,2025-05-23T09:05:19,movement_capture_1739560779852,UM
1.74802E+12,0,0,0,,2025-05-23T09:05:21,movement_capture_1739560780232,UM
1.74802E+12,0,15,0,movement_capture_1748016329260.jpg,2025-05-23T09:05:29,movement_capture_1739560780232,MF
1.74802E+12,0,0,0,movement_capture_1748016333974.jpg,2025-05-23T09:05:33,movement_capture_1739560780232,
1.74802E+12,0,15,0,movement_capture_1748016365020.jpg,2025-05-23T09:06:05,movement_capture_1739560780232,MF
1.74802E+12,0,0,0,movement_capture_1748016370386.jpg,2025-05-23T09:06:10,movement_capture_1739560780232,
1.74802E+12,0,0,-15,movement_capture_1748016399685.jpg,2025-05-23T09:06:39,movement_capture_1739560780232,TL
1.74802E+12,0,0,0,movement_capture_1748016400908.jpg,2025-05-23T09:06:40,movement_capture_1739560780232,
1.74802E+12,0,0,0,,2025-05-23T09:06:55,movement_capture_1739560780722,UM
1.74802E+12,0,0,0,,2025-05-23T09:06:57,movement_capture_1739560795165,UM
1.74802E+12,0,0,0,,2025-05-23T09:06:58,movement_capture_1739560795194,UM
1.74802E+12,0,0,0,,2025-05-23T09:06:59,movement_capture_1739560795228,UM
1.74802E+12,0,0,0,,2025-05-23T09:07:16,movement_capture_1739560795257,UM
1.74802E+12,0,0,0,,2025-05-23T09:07:17,movement_capture_1739560795317,UM
1.74802E+12,0,15,0,movement_capture_1748016452117.jpg,2025-05-23T09:07:32,movement_capture_1739560795317,MF
1.74802E+12,0,0,0,movement_capture_1748016452493.jpg,2025-05-23T09:07:32,movement_capture_1739560795317,
1.74802E+12,0,15,0,movement_capture_1748016464725.jpg,2025-05-23T09:07:44,movement_capture_1739560795317,MF
1.74802E+12,0,0,0,movement_capture_1748016465795.jpg,2025-05-23T09:07:45,movement_capture_1739560795317,
1.74802E+12,0,0,0,,2025-05-23T09:08:03,movement_capture_1739560795347,UM
1.74802E+12,0,0,0,,2025-05-23T09:08:03,movement_capture_1739560795379,UM
1.74802E+12,0,0,0,,2025-05-23T09:08:06,movement_capture_1739560795409,UM
1.74802E+12,0,0,0,,2025-05-23T09:08:10,movement_capture_1739560795437,UM
1.74802E+12,0,0,0,,2025-05-23T09:08:10,movement_capture_1739560795468,UM
1.74802E+12,0,0,0,,2025-05-23T09:08:12,movement_capture_1739560795560,UM
1.74802E+12,0,15,0,movement_capture_1748016505722.jpg,2025-05-23T09:08:25,movement_capture_1739560795560,MF
1.74802E+12,0,0,0,movement_capture_1748016507097.jpg,2025-05-23T09:08:27,movement_capture_1739560795560,
1.74802E+12,0,0,0,,2025-05-23T09:09:03,movement_capture_1739560795620,UM
1.74802E+12,0,0,0,,2025-05-23T09:09:07,movement_capture_1739560795715,UM
1.74802E+12,0,0,0,,2025-05-23T09:09:08,movement_capture_1739560795815,UM
1.74802E+12,0,0,0,,2025-05-23T09:09:08,movement_capture_1739560795916,UM
1.74802E+12,0,0,0,,2025-05-23T09:09:08,movement_capture_1739560796015,UM
1.74802E+12,0,0,0,,2025-05-23T09:09:09,movement_capture_1739560796216,UM
1.74802E+12,0,0,0,,2025-05-23T09:09:09,movement_capture_1739560796315,UM
1.74802E+12,0,0,0,,2025-05-23T09:09:09,movement_capture_1739560796414,UM
1.74802E+12,0,15,0,movement_capture_1748016581020.jpg,2025-05-23T09:09:41,movement_capture_1739560796414,MF
1.74802E+12,0,0,0,movement_capture_1748016583823.jpg,2025-05-23T09:09:43,movement_capture_1739560796414,
1.74802E+12,0,15,0,movement_capture_1748016599566.jpg,2025-05-23T09:09:59,movement_capture_1739560798216,MF
1.74802E+12,0,0,0,movement_capture_1748016599922.jpg,2025-05-23T09:09:59,movement_capture_1739560798216,
1.74802E+12,0,0,0,,2025-05-23T09:11:09,movement_capture_1739560796616,UM
1.74802E+12,0,0,0,,2025-05-23T09:11:09,movement_capture_1739560797114,UM
1.74802E+12,0,0,0,,2025-05-23T09:11:10,movement_capture_1739560797215,UM
1.74802E+12,0,0,0,,2025-05-23T09:11:10,movement_capture_1739560797517,UM
1.74802E+12,0,0,0,,2025-05-23T09:11:10,movement_capture_1739560798216,UM
1.74802E+12,0,0,0,,2025-05-23T09:11:11,movement_capture_1739560798714,UM
1.74802E+12,0,0,15,movement_capture_1748016701175.jpg,2025-05-23T09:11:41,movement_capture_1739560798714,TR
1.74802E+12,0,0,0,movement_capture_1748016702900.jpg,2025-05-23T09:11:42,movement_capture_1739560798714,
1.74802E+12,0,0,15,movement_capture_1748016714128.jpg,2025-05-23T09:11:54,movement_capture_1739560798714,TR
1.74802E+12,0,0,0,movement_capture_1748016716955.jpg,2025-05-23T09:11:56,movement_capture_1739560798714,
1.74802E+12,0,0,0,,2025-05-23T09:12:04,movement_capture_1739560799316,UM
1.74802E+12,0,0,0,,2025-05-23T09:12:04,movement_capture_1739560799815,UM
1.74802E+12,0,15,0,movement_capture_1748016739239.jpg,2025-05-23T09:12:19,movement_capture_1739560799815,MF
1.74802E+12,0,0,0,movement_capture_1748016739709.jpg,2025-05-23T09:12:19,movement_capture_1739560799815,
1.74802E+12,0,0,0,,2025-05-23T09:12:37,movement_capture_1739560800721,UM
1.74802E+12,0,0,0,,2025-05-23T09:12:38,movement_capture_1739560801114,UM
1.74802E+12,0,0,0,,2025-05-23T09:12:40,movement_capture_1739560801324,UM
1.74802E+12,0,0,0,,2025-05-23T09:12:41,movement_capture_1739560801324,UM
1.74802E+12,0,0,-15,movement_capture_1748016766633.jpg,2025-05-23T09:12:46,movement_capture_1739560801324,TL
1.74802E+12,0,0,0,movement_capture_1748016767469.jpg,2025-05-23T09:12:47,movement_capture_1739560801324,
1.74802E+12,0,0,0,,2025-05-23T09:12:57,movement_capture_1739560801416,UM
1.74802E+12,0,0,0,,2025-05-23T09:12:58,movement_capture_1739560801715,UM
1.74802E+12,0,0,0,,2025-05-23T09:13:04,movement_capture_1739560801914,UM
1.74802E+12,0,0,0,,2025-05-23T09:13:05,movement_capture_1739560802015,UM
1.74802E+12,0,15,0,movement_capture_1748016792188.jpg,2025-05-23T09:13:12,movement_capture_1739560802015,MF
1.74802E+12,0,0,0,movement_capture_1748016792557.jpg,2025-05-23T09:13:12,movement_capture_1739560802015,
1.74802E+12,0,0,0,,2025-05-23T09:13:24,movement_capture_1739560802115,UM
1.74802E+12,0,0,0,,2025-05-23T09:13:25,movement_capture_1739560802420,UM
1.74802E+12,0,15,0,movement_capture_1748016809206.jpg,2025-05-23T09:13:29,movement_capture_1739560802420,MF
1.74802E+12,0,0,0,movement_capture_1748016811594.jpg,2025-05-23T09:13:31,movement_capture_1739560802420,
1.74802E+12,0,0,-15,movement_capture_1748016827069.jpg,2025-05-23T09:13:47,movement_capture_1739560802420,TL
1.74802E+12,0,0,0,movement_capture_1748016827680.jpg,2025-05-23T09:13:47,movement_capture_1739560802420,
1.74802E+12,0,0,0,,2025-05-23T09:13:53,movement_capture_1739560802514,UM
1.74802E+12,0,0,0,,2025-05-23T09:13:54,movement_capture_1739560802614,UM
1.74802E+12,0,15,0,movement_capture_1748016836612.jpg,2025-05-23T09:13:56,movement_capture_1739560802614,MF
1.74802E+12,0,0,0,movement_capture_1748016837283.jpg,2025-05-23T09:13:57,movement_capture_1739560802614,
1.74802E+12,0,0,0,,2025-05-23T09:14:04,movement_capture_1739560802715,UM
1.74802E+12,0,0,0,,2025-05-23T09:14:04,movement_capture_1739560802815,UM
1.74802E+12,0,0,0,movement_capture_1748017664361.jpg,2025-05-23T09:27:44,movement_capture_1739560802815,
1.74802E+12,0,15,0,movement_capture_1748017772186.jpg,2025-05-23T09:29:32,movement_capture_1739560802815,MF
1.74802E+12,0,0,0,movement_capture_1748017774256.jpg,2025-05-23T09:29:34,movement_capture_1739560802815,
1.74802E+12,0,0,0,,2025-05-23T09:29:52,movement_capture_1739560802914,UM
1.74802E+12,0,0,0,,2025-05-23T09:29:53,movement_capture_1739560803115,UM
1.74802E+12,0,0,0,,2025-05-23T09:29:54,movement_capture_1739560803314,UM
1.74802E+12,0,0,0,,2025-05-23T09:29:54,movement_capture_1739560803415,UM
1.74802E+12,0,0,-15,movement_capture_1748017824008.jpg,2025-05-23T09:30:24,movement_capture_1739560803415,TL
1.74802E+12,0,0,0,movement_capture_1748017825781.jpg,2025-05-23T09:30:25,movement_capture_1739560803415,
1.74802E+12,0,0,0,,2025-05-23T09:30:31,movement_capture_1739560803415,UM
1.74802E+12,0,0,0,,2025-05-23T09:30:31,movement_capture_1739560803614,UM
1.74802E+12,0,15,0,movement_capture_1748017836225.jpg,2025-05-23T09:30:36,movement_capture_1739560803614,MF
1.74802E+12,0,0,0,movement_capture_1748017837260.jpg,2025-05-23T09:30:37,movement_capture_1739560803614,
1.74802E+12,0,15,0,movement_capture_1748017845032.jpg,2025-05-23T09:30:45,movement_capture_1739560803614,MF
1.74802E+12,0,0,0,movement_capture_1748017846422.jpg,2025-05-23T09:30:46,movement_capture_1739560803614,
1.74802E+12,0,0,-15,movement_capture_1748017851274.jpg,2025-05-23T09:30:51,movement_capture_1739560803614,TL
1.74802E+12,0,0,0,movement_capture_1748017853177.jpg,2025-05-23T09:30:53,movement_capture_1739560803614,
1.74802E+12,0,0,15,movement_capture_1748017859757.jpg,2025-05-23T09:30:59,movement_capture_1739560803614,TR
1.74802E+12,0,0,0,movement_capture_1748017861125.jpg,2025-05-23T09:31:01,movement_capture_1739560803614,
1.74802E+12,0,0,-15,movement_capture_1748017867790.jpg,2025-05-23T09:31:07,movement_capture_1739560803614,TL
1.74802E+12,0,0,0,movement_capture_1748017868344.jpg,2025-05-23T09:31:08,movement_capture_1739560803614,
1.74802E+12,0,0,0,,2025-05-23T09:31:15,movement_capture_1739560803614,UM
1.74802E+12,0,0,0,,2025-05-23T09:31:15,movement_capture_1739560806217,UM
1.74802E+12,0,15,0,movement_capture_1748017879736.jpg,2025-05-23T09:31:19,movement_capture_1739560806217,MF
1.74802E+12,0,0,0,movement_capture_1748017880087.jpg,2025-05-23T09:31:20,movement_capture_1739560806217,
1.74802E+12,0,0,-15,movement_capture_1748017885099.jpg,2025-05-23T09:31:25,movement_capture_1739560806217,TL
1.74802E+12,0,0,0,movement_capture_1748017885785.jpg,2025-05-23T09:31:25,movement_capture_1739560806217,
1.74802E+12,0,0,0,,2025-05-23T09:31:29,movement_capture_1739560806217,UM
1.74802E+12,0,0,0,,2025-05-23T09:31:29,movement_capture_1739560806315,UM
1.74802E+12,0,15,0,movement_capture_1748017927105.jpg,2025-05-23T09:32:07,movement_capture_1739560806315,MF
1.74802E+12,0,0,0,movement_capture_1748017927488.jpg,2025-05-23T09:32:07,movement_capture_1739560806315,
1.74802E+12,0,15,0,movement_capture_1748017940041.jpg,2025-05-23T09:32:20,movement_capture_1739560806315,MF
1.74802E+12,0,0,0,movement_capture_1748017940386.jpg,2025-05-23T09:32:20,movement_capture_1739560806315,
1.74802E+12,0,0,-15,movement_capture_1748017945745.jpg,2025-05-23T09:32:25,movement_capture_1739560806315,TL
1.74802E+12,0,0,0,movement_capture_1748017946441.jpg,2025-05-23T09:32:26,movement_capture_1739560806315,
1.74802E+12,0,0,0,,2025-05-23T09:32:30,movement_capture_1739560806315,UM
1.74802E+12,0,0,0,,2025-05-23T09:32:31,movement_capture_1739560806416,UM
1.74802E+12,0,15,0,movement_capture_1748017954213.jpg,2025-05-23T09:32:34,movement_capture_1739560806416,MF
1.74802E+12,0,0,0,movement_capture_1748017954908.jpg,2025-05-23T09:32:34,movement_capture_1739560806416,
1.74802E+12,0,0,0,,2025-05-23T09:32:50,movement_capture_1739560806416,UM
1.74802E+12,0,0,0,,2025-05-23T09:32:51,movement_capture_1739560806514,UM
1.74802E+12,0,15,0,movement_capture_1748017973787.jpg,2025-05-23T09:32:53,movement_capture_1739560806514,MF
1.74802E+12,0,0,0,movement_capture_1748017973990.jpg,2025-05-23T09:32:53,movement_capture_1739560806514,
1.74802E+12,0,15,0,movement_capture_1748017978079.jpg,2025-05-23T09:32:58,movement_capture_1739560806514,MF
1.74802E+12,0,0,0,movement_capture_1748017978284.jpg,2025-05-23T09:32:58,movement_capture_1739560806514,
1.74802E+12,0,0,-15,movement_capture_1748017984133.jpg,2025-05-23T09:33:04,movement_capture_1739560806514,TL
1.74802E+12,0,0,0,movement_capture_1748017984822.jpg,2025-05-23T09:33:04,movement_capture_1739560806514,
1.74802E+12,0,0,-15,movement_capture_1748017986201.jpg,2025-05-23T09:33:06,movement_capture_1739560806514,TL
1.74802E+12,0,0,0,movement_capture_1748017986549.jpg,2025-05-23T09:33:06,movement_capture_1739560806514,
1.74802E+12,0,0,15,movement_capture_1748017992344.jpg,2025-05-23T09:33:12,movement_capture_1739560806514,TR
1.74802E+12,0,0,0,movement_capture_1748017993434.jpg,2025-05-23T09:33:13,movement_capture_1739560806514,
1.74802E+12,0,0,-15,movement_capture_1748018005651.jpg,2025-05-23T09:33:25,movement_capture_1739560806514,TL
1.74802E+12,0,0,0,movement_capture_1748018006348.jpg,2025-05-23T09:33:26,movement_capture_1739560806514,
1.74802E+12,0,0,15,movement_capture_1748018011698.jpg,2025-05-23T09:33:31,movement_capture_1739560806514,TR
1.74802E+12,0,0,0,movement_capture_1748018012045.jpg,2025-05-23T09:33:32,movement_capture_1739560806514,
1.74802E+12,0,15,0,movement_capture_1748018018099.jpg,2025-05-23T09:33:38,movement_capture_1739560806514,MF
1.74802E+12,0,0,0,movement_capture_1748018019321.jpg,2025-05-23T09:33:39,movement_capture_1739560806514,
1.74802E+12,0,0,-15,movement_capture_1748018024014.jpg,2025-05-23T09:33:44,movement_capture_1739560806514,TL
1.74802E+12,0,0,0,movement_capture_1748018024728.jpg,2025-05-23T09:33:44,movement_capture_1739560806514,
1.74802E+12,0,15,0,movement_capture_1748018037054.jpg,2025-05-23T09:33:57,movement_capture_1739560806514,MF
1.74802E+12,0,0,0,movement_capture_1748018037741.jpg,2025-05-23T09:33:57,movement_capture_1739560806514,
1.74802E+12,0,15,0,movement_capture_1748018041713.jpg,2025-05-23T09:34:01,movement_capture_1739560806514,MF
1.74802E+12,0,0,0,movement_capture_1748018042063.jpg,2025-05-23T09:34:02,movement_capture_1739560806514,
1.74802E+12,0,0,-15,movement_capture_1748018048466.jpg,2025-05-23T09:34:08,movement_capture_1739560806514,TL
1.74802E+12,0,0,0,movement_capture_1748018048812.jpg,2025-05-23T09:34:08,movement_capture_1739560806514,
1.74802E+12,0,0,-15,movement_capture_1748018052292.jpg,2025-05-23T09:34:12,movement_capture_1739560806514,TL
1.74802E+12,0,0,0,movement_capture_1748018053392.jpg,2025-05-23T09:34:13,movement_capture_1739560806514,
1.74802E+12,0,0,15,movement_capture_1748018056544.jpg,2025-05-23T09:34:16,movement_capture_1739560806514,TR
1.74802E+12,0,0,0,movement_capture_1748018056927.jpg,2025-05-23T09:34:16,movement_capture_1739560806514,
1.74802E+12,0,0,0,,2025-05-23T09:35:09,movement_capture_1739560806514,UM
1.74802E+12,0,0,0,,2025-05-23T09:35:09,movement_capture_1739560806716,UM
1.74802E+12,0,15,0,movement_capture_1748018116509.jpg,2025-05-23T09:35:16,movement_capture_1739560806716,MF
1.74802E+12,0,0,0,movement_capture_1748018116857.jpg,2025-05-23T09:35:16,movement_capture_1739560806716,
1.74802E+12,0,-14,0,movement_capture_1748018139036.jpg,2025-05-23T09:35:39,movement_capture_1739560806716,MB
1.74802E+12,0,0,0,movement_capture_1748018139729.jpg,2025-05-23T09:35:39,movement_capture_1739560806716,
1.74802E+12,0,0,15,movement_capture_1748018161676.jpg,2025-05-23T09:36:01,movement_capture_1739560806716,TR
1.74802E+12,0,0,0,movement_capture_1748018162259.jpg,2025-05-23T09:36:02,movement_capture_1739560806716,
1.74802E+12,0,0,15,movement_capture_1748018168965.jpg,2025-05-23T09:36:08,movement_capture_1739560806716,TR
1.74802E+12,0,0,0,movement_capture_1748018169490.jpg,2025-05-23T09:36:09,movement_capture_1739560806716,
1.74802E+12,0,0,0,,2025-05-23T09:36:18,movement_capture_1739560806716,UM
1.74802E+12,0,0,0,,2025-05-23T09:36:18,movement_capture_1739560807020,UM
1.74802E+12,15,0,0,movement_capture_1748018183521.jpg,2025-05-23T09:36:23,movement_capture_1739560807020,MR
1.74802E+12,0,0,0,movement_capture_1748018184252.jpg,2025-05-23T09:36:24,movement_capture_1739560807020,
1.74802E+12,0,0,15,movement_capture_1748018189238.jpg,2025-05-23T09:36:29,movement_capture_1739560807020,TR
1.74802E+12,0,0,0,movement_capture_1748018189796.jpg,2025-05-23T09:36:29,movement_capture_1739560807020,
1.74802E+12,0,0,0,,2025-05-23T09:36:35,,UM
1.74802E+12,0,0,0,,2025-05-23T09:36:35,,UM
